[
  {
      "ParkSlotId": "8ff55d54-e00f-4bba-9009-37d0def7aeec",
      "Vehicle": 1,
      "LicensePlate": "",
      "ParkSlotCode": "A-1-1",
      "ParkSlotState": 0,
      "ParkingId": "6521d211-1dd2-11ef-99f2-8c47be150743",
      "VehicleInDate": null,
      "CreatedDate": null,
      "CreatedBy": null,
      "ModifiedDate": null,
      "ModifiedBy": null
  },
  {
      "ParkSlotId": "75cf4f72-6129-4f75-b953-c056c738c0ed",
      "Vehicle": 2,
      "LicensePlate": "",
      "ParkSlotCode": "A-1-2",
      "ParkSlotState": 0,
      "ParkingId": "6521d211-1dd2-11ef-99f2-8c47be150743",
      "VehicleInDate": null,
      "CreatedDate": null,
      "CreatedBy": null,
      "ModifiedDate": null,
      "ModifiedBy": null
  },
  {
      "ParkSlotId": "a8c77740-0fe4-4ebc-a421-d401e501fc2d",
      "Vehicle": 1,
      "LicensePlate": "",
      "ParkSlotCode": "A-1-3",
      "ParkSlotState": 0,
      "ParkingId": "6521d211-1dd2-11ef-99f2-8c47be150743",
      "VehicleInDate": null,
      "CreatedDate": null,
      "CreatedBy": null,
      "ModifiedDate": null,
      "ModifiedBy": null
  },
  {
      "ParkSlotId": "621487c8-d394-4f87-be71-f801f935127b",
      "Vehicle": 2,
      "LicensePlate": "",
      "ParkSlotCode": "A-1-4",
      "ParkSlotState": 0,
      "ParkingId": "6521d211-1dd2-11ef-99f2-8c47be150743",
      "VehicleInDate": null,
      "CreatedDate": null,
      "CreatedBy": null,
      "ModifiedDate": null,
      "ModifiedBy": null
  },
  {
      "ParkSlotId": "b95de9c5-ab35-4319-9cce-db70b03f28da",
      "Vehicle": 1,
      "LicensePlate": "",
      "ParkSlotCode": "A-1-5",
      "ParkSlotState": 0,
      "ParkingId": "6521d211-1dd2-11ef-99f2-8c47be150743",
      "VehicleInDate": null,
      "CreatedDate": null,
      "CreatedBy": null,
      "ModifiedDate": null,
      "ModifiedBy": null
  },
  {
      "ParkSlotId": "2320c68c-0c9b-4a9b-b054-e22aa8f6edde",
      "Vehicle": 1,
      "LicensePlate": "",
      "ParkSlotCode": "A-2-1",
      "ParkSlotState": 0,
      "ParkingId": "6521d211-1dd2-11ef-99f2-8c47be150743",
      "VehicleInDate": null,
      "CreatedDate": null,
      "CreatedBy": null,
      "ModifiedDate": null,
      "ModifiedBy": null
  },
  {
      "ParkSlotId": "3a8004a7-9d4c-481c-84d4-69521f7f968f",
      "Vehicle": 1,
      "LicensePlate": "",
      "ParkSlotCode": "A-2-2",
      "ParkSlotState": 0,
      "ParkingId": "6521d211-1dd2-11ef-99f2-8c47be150743",
      "VehicleInDate": null,
      "CreatedDate": null,
      "CreatedBy": null,
      "ModifiedDate": null,
      "ModifiedBy": null
  },
  {
      "ParkSlotId": "17f62640-c728-49f6-8d63-144b95f3e280",
      "Vehicle": 1,
      "LicensePlate": "",
      "ParkSlotCode": "A-2-3",
      "ParkSlotState": 0,
      "ParkingId": "6521d211-1dd2-11ef-99f2-8c47be150743",
      "VehicleInDate": null,
      "CreatedDate": null,
      "CreatedBy": null,
      "ModifiedDate": null,
      "ModifiedBy": null
  },
  {
      "ParkSlotId": "da3c455b-2b5a-489f-abf0-b419c45258cd",
      "Vehicle": 1,
      "LicensePlate": "",
      "ParkSlotCode": "A-2-4",
      "ParkSlotState": 0,
      "ParkingId": "6521d211-1dd2-11ef-99f2-8c47be150743",
      "VehicleInDate": null,
      "CreatedDate": null,
      "CreatedBy": null,
      "ModifiedDate": null,
      "ModifiedBy": null
  },
  {
      "ParkSlotId": "7ccfee0c-47c5-46ee-9b63-2acf3b81bf4d",
      "Vehicle": 2,
      "LicensePlate": "",
      "ParkSlotCode": "A-2-5",
      "ParkSlotState": 0,
      "ParkingId": "6521d211-1dd2-11ef-99f2-8c47be150743",
      "VehicleInDate": null,
      "CreatedDate": null,
      "CreatedBy": null,
      "ModifiedDate": null,
      "ModifiedBy": null
  },
  {
      "ParkSlotId": "00505ce2-d8a0-4b9c-9006-9063566f4c48",
      "Vehicle": 2,
      "LicensePlate": "",
      "ParkSlotCode": "A-3-1",
      "ParkSlotState": 0,
      "ParkingId": "6521d211-1dd2-11ef-99f2-8c47be150743",
      "VehicleInDate": null,
      "CreatedDate": null,
      "CreatedBy": null,
      "ModifiedDate": null,
      "ModifiedBy": null
  },
  {
      "ParkSlotId": "ee0cc61a-a51c-4af2-88a7-f5699ccebddb",
      "Vehicle": 1,
      "LicensePlate": "",
      "ParkSlotCode": "A-3-2",
      "ParkSlotState": 0,
      "ParkingId": "6521d211-1dd2-11ef-99f2-8c47be150743",
      "VehicleInDate": null,
      "CreatedDate": null,
      "CreatedBy": null,
      "ModifiedDate": null,
      "ModifiedBy": null
  },
  {
      "ParkSlotId": "57e132ea-bf63-4acb-bc54-5f687b759c7e",
      "Vehicle": 2,
      "LicensePlate": "",
      "ParkSlotCode": "A-3-3",
      "ParkSlotState": 0,
      "ParkingId": "6521d211-1dd2-11ef-99f2-8c47be150743",
      "VehicleInDate": null,
      "CreatedDate": null,
      "CreatedBy": null,
      "ModifiedDate": null,
      "ModifiedBy": null
  },
  {
      "ParkSlotId": "24e77cbf-984f-41ac-be8b-43c8dbccefa6",
      "Vehicle": 2,
      "LicensePlate": "",
      "ParkSlotCode": "A-3-4",
      "ParkSlotState": 0,
      "ParkingId": "6521d211-1dd2-11ef-99f2-8c47be150743",
      "VehicleInDate": null,
      "CreatedDate": null,
      "CreatedBy": null,
      "ModifiedDate": null,
      "ModifiedBy": null
  },
  {
      "ParkSlotId": "c411fb88-bf76-4a99-9b25-3d76007a5e9d",
      "Vehicle": 2,
      "LicensePlate": "",
      "ParkSlotCode": "A-3-5",
      "ParkSlotState": 0,
      "ParkingId": "6521d211-1dd2-11ef-99f2-8c47be150743",
      "VehicleInDate": null,
      "CreatedDate": null,
      "CreatedBy": null,
      "ModifiedDate": null,
      "ModifiedBy": null
  },
  {
      "Vehicle": 2,
      "LicensePlate": "",
      "ParkSlotCode": "A-4-1",
      "ParkSlotState": 0,
      "ParkingId": "6521d211-1dd2-11ef-99f2-8c47be150743",
      "VehicleInDate": null,
      "CreatedDate": null,
      "CreatedBy": null,
      "ModifiedDate": null,
      "ModifiedBy": null
  },
  {
      "Vehicle": 1,
      "LicensePlate": "",
      "ParkSlotCode": "A-4-2",
      "ParkSlotState": 0,
      "ParkingId": "6521d211-1dd2-11ef-99f2-8c47be150743",
      "VehicleInDate": null,
      "CreatedDate": null,
      "CreatedBy": null,
      "ModifiedDate": null,
      "ModifiedBy": null
  },
  {
      "Vehicle": 2,
      "LicensePlate": "",
      "ParkSlotCode": "A-4-3",
      "ParkSlotState": 0,
      "ParkingId": "6521d211-1dd2-11ef-99f2-8c47be150743",
      "VehicleInDate": null,
      "CreatedDate": null,
      "CreatedBy": null,
      "ModifiedDate": null,
      "ModifiedBy": null
  },
  {
      "Vehicle": 2,
      "LicensePlate": "",
      "ParkSlotCode": "A-4-4",
      "ParkSlotState": 0,
      "ParkingId": "6521d211-1dd2-11ef-99f2-8c47be150743",
      "VehicleInDate": null,
      "CreatedDate": null,
      "CreatedBy": null,
      "ModifiedDate": null,
      "ModifiedBy": null
  },
  {
      "Vehicle": 2,
      "LicensePlate": "",
      "ParkSlotCode": "A-4-5",
      "ParkSlotState": 0,
      "ParkingId": "6521d211-1dd2-11ef-99f2-8c47be150743",
      "VehicleInDate": null,
      "CreatedDate": null,
      "CreatedBy": null,
      "ModifiedDate": null,
      "ModifiedBy": null
  },
  {
      "Vehicle": 1,
      "LicensePlate": "",
      "ParkSlotCode": "B-1-1",
      "ParkSlotState": 0,
      "ParkingId": "6521d211-1dd2-11ef-99f2-8c47be150743",
      "VehicleInDate": null,
      "CreatedDate": null,
      "CreatedBy": null,
      "ModifiedDate": null,
      "ModifiedBy": null
  },
  {
      "Vehicle": 1,
      "LicensePlate": "",
      "ParkSlotCode": "B-1-2",
      "ParkSlotState": 0,
      "ParkingId": "6521d211-1dd2-11ef-99f2-8c47be150743",
      "VehicleInDate": null,
      "CreatedDate": null,
      "CreatedBy": null,
      "ModifiedDate": null,
      "ModifiedBy": null
  },
  {
      "Vehicle": 1,
      "LicensePlate": "",
      "ParkSlotCode": "B-1-3",
      "ParkSlotState": 0,
      "ParkingId": "6521d211-1dd2-11ef-99f2-8c47be150743",
      "VehicleInDate": null,
      "CreatedDate": null,
      "CreatedBy": null,
      "ModifiedDate": null,
      "ModifiedBy": null
  },
  {
      "Vehicle": 1,
      "LicensePlate": "",
      "ParkSlotCode": "B-1-4",
      "ParkSlotState": 0,
      "ParkingId": "6521d211-1dd2-11ef-99f2-8c47be150743",
      "VehicleInDate": null,
      "CreatedDate": null,
      "CreatedBy": null,
      "ModifiedDate": null,
      "ModifiedBy": null
  },
  {
      "Vehicle": 1,
      "LicensePlate": "",
      "ParkSlotCode": "B-1-5",
      "ParkSlotState": 0,
      "ParkingId": "6521d211-1dd2-11ef-99f2-8c47be150743",
      "VehicleInDate": null,
      "CreatedDate": null,
      "CreatedBy": null,
      "ModifiedDate": null,
      "ModifiedBy": null
  },
  {
      "ParkSlotId": "40d0c53b-f4a0-4eef-9c15-b033194f80b7",
      "Vehicle": 1,
      "LicensePlate": "",
      "ParkSlotCode": "B-2-1",
      "ParkSlotState": 0,
      "ParkingId": "6521d211-1dd2-11ef-99f2-8c47be150743",
      "VehicleInDate": null,
      "CreatedDate": null,
      "CreatedBy": null,
      "ModifiedDate": null,
      "ModifiedBy": null
  },
  {
      "ParkSlotId": "b5dc8732-2d24-4b54-8d42-79e905a71dab",
      "Vehicle": 1,
      "LicensePlate": "",
      "ParkSlotCode": "B-2-2",
      "ParkSlotState": 0,
      "ParkingId": "6521d211-1dd2-11ef-99f2-8c47be150743",
      "VehicleInDate": null,
      "CreatedDate": null,
      "CreatedBy": null,
      "ModifiedDate": null,
      "ModifiedBy": null
  },
  {
      "ParkSlotId": "db217726-4d96-4635-bfaf-4c65497ecd0d",
      "Vehicle": 1,
      "LicensePlate": "",
      "ParkSlotCode": "B-2-3",
      "ParkSlotState": 0,
      "ParkingId": "6521d211-1dd2-11ef-99f2-8c47be150743",
      "VehicleInDate": null,
      "CreatedDate": null,
      "CreatedBy": null,
      "ModifiedDate": null,
      "ModifiedBy": null
  },
  {
      "ParkSlotId": "5132afbc-d709-4dc6-bc5f-d412255b1702",
      "Vehicle": 1,
      "LicensePlate": "",
      "ParkSlotCode": "B-2-4",
      "ParkSlotState": 0,
      "ParkingId": "6521d211-1dd2-11ef-99f2-8c47be150743",
      "VehicleInDate": null,
      "CreatedDate": null,
      "CreatedBy": null,
      "ModifiedDate": null,
      "ModifiedBy": null
  },
  {
      "ParkSlotId": "7dc0f3c1-fb75-453b-8766-4f7b4951390a",
      "Vehicle": 1,
      "LicensePlate": "",
      "ParkSlotCode": "B-2-5",
      "ParkSlotState": 0,
      "ParkingId": "6521d211-1dd2-11ef-99f2-8c47be150743",
      "VehicleInDate": null,
      "CreatedDate": null,
      "CreatedBy": null,
      "ModifiedDate": null,
      "ModifiedBy": null
  },
  {
      "ParkSlotId": "b3320e4f-9692-4e4a-9c1a-6357d41afe35",
      "Vehicle": 1,
      "LicensePlate": "",
      "ParkSlotCode": "B-3-1",
      "ParkSlotState": 0,
      "ParkingId": "6521d211-1dd2-11ef-99f2-8c47be150743",
      "VehicleInDate": null,
      "CreatedDate": null,
      "CreatedBy": null,
      "ModifiedDate": null,
      "ModifiedBy": null
  },
  {
      "ParkSlotId": "f5cde2cc-deff-422b-8972-509b85bf8bbb",
      "Vehicle": 1,
      "LicensePlate": "",
      "ParkSlotCode": "B-3-2",
      "ParkSlotState": 0,
      "ParkingId": "6521d211-1dd2-11ef-99f2-8c47be150743",
      "VehicleInDate": null,
      "CreatedDate": null,
      "CreatedBy": null,
      "ModifiedDate": null,
      "ModifiedBy": null
  },
  {
      "ParkSlotId": "6a204cf4-ff27-4714-827d-7f228b56205e",
      "Vehicle": 1,
      "LicensePlate": "",
      "ParkSlotCode": "B-3-3",
      "ParkSlotState": 0,
      "ParkingId": "6521d211-1dd2-11ef-99f2-8c47be150743",
      "VehicleInDate": null,
      "CreatedDate": null,
      "CreatedBy": null,
      "ModifiedDate": null,
      "ModifiedBy": null
  },
  {
      "ParkSlotId": "a4248a44-8256-49e2-b485-3071eb046f6f",
      "Vehicle": 1,
      "LicensePlate": "",
      "ParkSlotCode": "B-3-4",
      "ParkSlotState": 0,
      "ParkingId": "6521d211-1dd2-11ef-99f2-8c47be150743",
      "VehicleInDate": null,
      "CreatedDate": null,
      "CreatedBy": null,
      "ModifiedDate": null,
      "ModifiedBy": null
  },
  {
      "ParkSlotId": "fff9aa74-813d-4b2a-a9b9-816b7305520f",
      "Vehicle": 1,
      "LicensePlate": "",
      "ParkSlotCode": "B-3-5",
      "ParkSlotState": 0,
      "ParkingId": "6521d211-1dd2-11ef-99f2-8c47be150743",
      "VehicleInDate": null,
      "CreatedDate": null,
      "CreatedBy": null,
      "ModifiedDate": null,
      "ModifiedBy": null
  },
  {
    "Vehicle": 1,
    "LicensePlate": "",
    "ParkSlotCode": "B-4-1",
    "ParkSlotState": 0,
    "ParkingId": "6521d211-1dd2-11ef-99f2-8c47be150743",
    "VehicleInDate": null,
    "CreatedDate": null,
    "CreatedBy": null,
    "ModifiedDate": null,
    "ModifiedBy": null
},
{
    "Vehicle": 1,
    "LicensePlate": "",
    "ParkSlotCode": "B-4-2",
    "ParkSlotState": 0,
    "ParkingId": "6521d211-1dd2-11ef-99f2-8c47be150743",
    "VehicleInDate": null,
    "CreatedDate": null,
    "CreatedBy": null,
    "ModifiedDate": null,
    "ModifiedBy": null
},
{
    "Vehicle": 1,
    "LicensePlate": "",
    "ParkSlotCode": "B-4-3",
    "ParkSlotState": 0,
    "ParkingId": "6521d211-1dd2-11ef-99f2-8c47be150743",
    "VehicleInDate": null,
    "CreatedDate": null,
    "CreatedBy": null,
    "ModifiedDate": null,
    "ModifiedBy": null
},
{
    "Vehicle": 1,
    "LicensePlate": "",
    "ParkSlotCode": "B-4-4",
    "ParkSlotState": 0,
    "ParkingId": "6521d211-1dd2-11ef-99f2-8c47be150743",
    "VehicleInDate": null,
    "CreatedDate": null,
    "CreatedBy": null,
    "ModifiedDate": null,
    "ModifiedBy": null
},
{
    "Vehicle": 1,
    "LicensePlate": "",
    "ParkSlotCode": "B-4-5",
    "ParkSlotState": 0,
    "ParkingId": "6521d211-1dd2-11ef-99f2-8c47be150743",
    "VehicleInDate": null,
    "CreatedDate": null,
    "CreatedBy": null,
    "ModifiedDate": null,
    "ModifiedBy": null
},
{
    "Vehicle": 1,
    "LicensePlate": "",
    "ParkSlotCode": "B-1-7",
    "ParkSlotState": 0,
    "ParkingId": "6521d211-1dd2-11ef-99f2-8c47be150743",
    "VehicleInDate": null,
    "CreatedDate": null,
    "CreatedBy": null,
    "ModifiedDate": null,
    "ModifiedBy": null
},
{
    "Vehicle": 1,
    "LicensePlate": "",
    "ParkSlotCode": "B-2-7",
    "ParkSlotState": 0,
    "ParkingId": "6521d211-1dd2-11ef-99f2-8c47be150743",
    "VehicleInDate": null,
    "CreatedDate": null,
    "CreatedBy": null,
    "ModifiedDate": null,
    "ModifiedBy": null
},
{
    "Vehicle": 1,
    "LicensePlate": "",
    "ParkSlotCode": "B-3-7",
    "ParkSlotState": 0,
    "ParkingId": "6521d211-1dd2-11ef-99f2-8c47be150743",
    "VehicleInDate": null,
    "CreatedDate": null,
    "CreatedBy": null,
    "ModifiedDate": null,
    "ModifiedBy": null
},
{
    "Vehicle": 1,
    "LicensePlate": "",
    "ParkSlotCode": "B-4-7",
    "ParkSlotState": 0,
    "ParkingId": "6521d211-1dd2-11ef-99f2-8c47be150743",
    "VehicleInDate": null,
    "CreatedDate": null,
    "CreatedBy": null,
    "ModifiedDate": null,
    "ModifiedBy": null
},
{
    "Vehicle": 1,
    "LicensePlate": "",
    "ParkSlotCode": "B-5-7",
    "ParkSlotState": 0,
    "ParkingId": "6521d211-1dd2-11ef-99f2-8c47be150743",
    "VehicleInDate": null,
    "CreatedDate": null,
    "CreatedBy": null,
    "ModifiedDate": null,
    "ModifiedBy": null
},
{
    "Vehicle": 1,
    "LicensePlate": "",
    "ParkSlotCode": "B-1-6",
    "ParkSlotState": 0,
    "ParkingId": "6521d211-1dd2-11ef-99f2-8c47be150743",
    "VehicleInDate": null,
    "CreatedDate": null,
    "CreatedBy": null,
    "ModifiedDate": null,
    "ModifiedBy": null
},
{
    "Vehicle": 1,
    "LicensePlate": "",
    "ParkSlotCode": "B-2-6",
    "ParkSlotState": 0,
    "ParkingId": "6521d211-1dd2-11ef-99f2-8c47be150743",
    "VehicleInDate": null,
    "CreatedDate": null,
    "CreatedBy": null,
    "ModifiedDate": null,
    "ModifiedBy": null
},
{
    "Vehicle": 1,
    "LicensePlate": "",
    "ParkSlotCode": "B-3-6",
    "ParkSlotState": 0,
    "ParkingId": "6521d211-1dd2-11ef-99f2-8c47be150743",
    "VehicleInDate": null,
    "CreatedDate": null,
    "CreatedBy": null,
    "ModifiedDate": null,
    "ModifiedBy": null
},
{
    "Vehicle": 1,
    "LicensePlate": "",
    "ParkSlotCode": "B-4-6",
    "ParkSlotState": 0,
    "ParkingId": "6521d211-1dd2-11ef-99f2-8c47be150743",
    "VehicleInDate": null,
    "CreatedDate": null,
    "CreatedBy": null,
    "ModifiedDate": null,
    "ModifiedBy": null
},
{
    "Vehicle": 1,
    "LicensePlate": "",
    "ParkSlotCode": "B-5-6",
    "ParkSlotState": 0,
    "ParkingId": "6521d211-1dd2-11ef-99f2-8c47be150743",
    "VehicleInDate": null,
    "CreatedDate": null,
    "CreatedBy": null,
    "ModifiedDate": null,
    "ModifiedBy": null
},
  {
      "ParkSlotId": "97897ab1-fea2-4cda-891a-94e85b749d2d",
      "Vehicle": 0,
      "LicensePlate": "",
      "ParkSlotCode": "C-1-1",
      "ParkSlotState": 0,
      "ParkingId": "6521d211-1dd2-11ef-99f2-8c47be150743",
      "VehicleInDate": null,
      "CreatedDate": null,
      "CreatedBy": null,
      "ModifiedDate": null,
      "ModifiedBy": null
  },
  {
      "ParkSlotId": "eabfb6a5-4cf8-49d9-a5ea-f5dfc7330f68",
      "Vehicle": 0,
      "LicensePlate": "",
      "ParkSlotCode": "C-1-2",
      "ParkSlotState": 0,
      "ParkingId": "6521d211-1dd2-11ef-99f2-8c47be150743",
      "VehicleInDate": null,
      "CreatedDate": null,
      "CreatedBy": null,
      "ModifiedDate": null,
      "ModifiedBy": null
  },
  {
      "ParkSlotId": "ffe29ac6-a6b8-4470-8fa5-25ac466770d2",
      "Vehicle": 0,
      "LicensePlate": "",
      "ParkSlotCode": "C-1-3",
      "ParkSlotState": 0,
      "ParkingId": "6521d211-1dd2-11ef-99f2-8c47be150743",
      "VehicleInDate": null,
      "CreatedDate": null,
      "CreatedBy": null,
      "ModifiedDate": null,
      "ModifiedBy": null
  },
  {
      "ParkSlotId": "abacce88-ffd4-49e6-88c4-6466205bc4dc",
      "Vehicle": 0,
      "LicensePlate": "",
      "ParkSlotCode": "C-1-4",
      "ParkSlotState": 0,
      "ParkingId": "6521d211-1dd2-11ef-99f2-8c47be150743",
      "VehicleInDate": null,
      "CreatedDate": null,
      "CreatedBy": null,
      "ModifiedDate": null,
      "ModifiedBy": null
  },
  {
      "ParkSlotId": "7c718e09-386b-4e07-b8f1-e9fe746e6f95",
      "Vehicle": 0,
      "LicensePlate": "",
      "ParkSlotCode": "C-1-5",
      "ParkSlotState": 0,
      "ParkingId": "6521d211-1dd2-11ef-99f2-8c47be150743",
      "VehicleInDate": null,
      "CreatedDate": null,
      "CreatedBy": null,
      "ModifiedDate": null,
      "ModifiedBy": null
  },
  {
      "ParkSlotId": "39e8595b-746c-419c-a54b-76959153dde1",
      "Vehicle": 0,
      "LicensePlate": "",
      "ParkSlotCode": "C-2-1",
      "ParkSlotState": 0,
      "ParkingId": "6521d211-1dd2-11ef-99f2-8c47be150743",
      "VehicleInDate": null,
      "CreatedDate": null,
      "CreatedBy": null,
      "ModifiedDate": null,
      "ModifiedBy": null
  },
  {
      "ParkSlotId": "788e05b3-3360-475a-ac5d-a503b300d09c",
      "Vehicle": 0,
      "LicensePlate": "",
      "ParkSlotCode": "C-2-2",
      "ParkSlotState": 0,
      "ParkingId": "6521d211-1dd2-11ef-99f2-8c47be150743",
      "VehicleInDate": null,
      "CreatedDate": null,
      "CreatedBy": null,
      "ModifiedDate": null,
      "ModifiedBy": null
  },
  {
      "ParkSlotId": "4a24a895-967b-461b-86f9-3e46409d602d",
      "Vehicle": 0,
      "LicensePlate": "",
      "ParkSlotCode": "C-2-3",
      "ParkSlotState": 0,
      "ParkingId": "6521d211-1dd2-11ef-99f2-8c47be150743",
      "VehicleInDate": null,
      "CreatedDate": null,
      "CreatedBy": null,
      "ModifiedDate": null,
      "ModifiedBy": null
  },
  {
      "ParkSlotId": "f8eb1d1e-19ea-4c88-94d6-4130ec6db523",
      "Vehicle": 0,
      "LicensePlate": "",
      "ParkSlotCode": "C-2-4",
      "ParkSlotState": 0,
      "ParkingId": "6521d211-1dd2-11ef-99f2-8c47be150743",
      "VehicleInDate": null,
      "CreatedDate": null,
      "CreatedBy": null,
      "ModifiedDate": null,
      "ModifiedBy": null
  },
  {
      "ParkSlotId": "cad14750-feed-49de-b143-fa80de7a5dbf",
      "Vehicle": 0,
      "LicensePlate": "",
      "ParkSlotCode": "C-2-5",
      "ParkSlotState": 0,
      "ParkingId": "6521d211-1dd2-11ef-99f2-8c47be150743",
      "VehicleInDate": null,
      "CreatedDate": null,
      "CreatedBy": null,
      "ModifiedDate": null,
      "ModifiedBy": null
  },
  {
      "ParkSlotId": "21093d01-719a-4b59-b726-bbc57a0f641b",
      "Vehicle": 0,
      "LicensePlate": "",
      "ParkSlotCode": "C-3-1",
      "ParkSlotState": 0,
      "ParkingId": "6521d211-1dd2-11ef-99f2-8c47be150743",
      "VehicleInDate": null,
      "CreatedDate": null,
      "CreatedBy": null,
      "ModifiedDate": null,
      "ModifiedBy": null
  },
  {
      "ParkSlotId": "559257bd-921b-4675-a1ba-62bc3bb4bda3",
      "Vehicle": 0,
      "LicensePlate": "",
      "ParkSlotCode": "C-3-2",
      "ParkSlotState": 0,
      "ParkingId": "6521d211-1dd2-11ef-99f2-8c47be150743",
      "VehicleInDate": null,
      "CreatedDate": null,
      "CreatedBy": null,
      "ModifiedDate": null,
      "ModifiedBy": null
  },
  {
      "ParkSlotId": "14421649-6576-4eb8-bb4a-5cd037cd3b33",
      "Vehicle": 0,
      "LicensePlate": "",
      "ParkSlotCode": "C-3-3",
      "ParkSlotState": 0,
      "ParkingId": "6521d211-1dd2-11ef-99f2-8c47be150743",
      "VehicleInDate": null,
      "CreatedDate": null,
      "CreatedBy": null,
      "ModifiedDate": null,
      "ModifiedBy": null
  },
  {
      "ParkSlotId": "69c0db0d-f672-4a0e-8602-5eb5a874df40",
      "Vehicle": 0,
      "LicensePlate": "",
      "ParkSlotCode": "C-3-4",
      "ParkSlotState": 0,
      "ParkingId": "6521d211-1dd2-11ef-99f2-8c47be150743",
      "VehicleInDate": null,
      "CreatedDate": null,
      "CreatedBy": null,
      "ModifiedDate": null,
      "ModifiedBy": null
  },
  {
      "ParkSlotId": "cc364925-2ba2-4fd1-a2e9-0698d556e4a8",
      "Vehicle": 0,
      "LicensePlate": "",
      "ParkSlotCode": "C-3-5",
      "ParkSlotState": 0,
      "ParkingId": "6521d211-1dd2-11ef-99f2-8c47be150743",
      "VehicleInDate": null,
      "CreatedDate": null,
      "CreatedBy": null,
      "ModifiedDate": null,
      "ModifiedBy": null
  },
{
    "Vehicle": 0,
    "LicensePlate": "",
    "ParkSlotCode": "C-4-1",
    "ParkSlotState": 0,
    "ParkingId": "6521d211-1dd2-11ef-99f2-8c47be150743",
    "VehicleInDate": null,
    "CreatedDate": null,
    "CreatedBy": null,
    "ModifiedDate": null,
    "ModifiedBy": null
},
{
    "Vehicle": 0,
    "LicensePlate": "",
    "ParkSlotCode": "C-4-2",
    "ParkSlotState": 0,
    "ParkingId": "6521d211-1dd2-11ef-99f2-8c47be150743",
    "VehicleInDate": null,
    "CreatedDate": null,
    "CreatedBy": null,
    "ModifiedDate": null,
    "ModifiedBy": null
},
{
    "Vehicle": 0,
    "LicensePlate": "",
    "ParkSlotCode": "C-4-3",
    "ParkSlotState": 0,
    "ParkingId": "6521d211-1dd2-11ef-99f2-8c47be150743",
    "VehicleInDate": null,
    "CreatedDate": null,
    "CreatedBy": null,
    "ModifiedDate": null,
    "ModifiedBy": null
},
{
    "Vehicle": 0,
    "LicensePlate": "",
    "ParkSlotCode": "C-4-4",
    "ParkSlotState": 0,
    "ParkingId": "6521d211-1dd2-11ef-99f2-8c47be150743",
    "VehicleInDate": null,
    "CreatedDate": null,
    "CreatedBy": null,
    "ModifiedDate": null,
    "ModifiedBy": null
},
{
    "Vehicle": 0,
    "LicensePlate": "",
    "ParkSlotCode": "C-4-5",
    "ParkSlotState": 0,
    "ParkingId": "6521d211-1dd2-11ef-99f2-8c47be150743",
    "VehicleInDate": null,
    "CreatedDate": null,
    "CreatedBy": null,
    "ModifiedDate": null,
    "ModifiedBy": null
},
{
    "ParkSlotId": "e4102060-3fea-470b-8648-faba9e728707",
    "Vehicle": 1,
    "LicensePlate": "",
    "ParkSlotCode": "C-1-6",
    "ParkSlotState": 0,
    "ParkingId": "6521d211-1dd2-11ef-99f2-8c47be150743",
    "VehicleInDate": null,
    "CreatedDate": null,
    "CreatedBy": null,
    "ModifiedDate": null,
    "ModifiedBy": null
},
{
    "ParkSlotId": "4d558360-7c2a-4490-9e89-7ba0be0ff7a3",
    "Vehicle": 1,
    "LicensePlate": "",
    "ParkSlotCode": "C-2-6",
    "ParkSlotState": 0,
    "ParkingId": "6521d211-1dd2-11ef-99f2-8c47be150743",
    "VehicleInDate": null,
    "CreatedDate": null,
    "CreatedBy": null,
    "ModifiedDate": null,
    "ModifiedBy": null
},
{
    "ParkSlotId": "2f3eddb6-6893-422f-88eb-03f5371cbe90",
    "Vehicle": 1,
    "LicensePlate": "",
    "ParkSlotCode": "C-3-6",
    "ParkSlotState": 0,
    "ParkingId": "6521d211-1dd2-11ef-99f2-8c47be150743",
    "VehicleInDate": null,
    "CreatedDate": null,
    "CreatedBy": null,
    "ModifiedDate": null,
    "ModifiedBy": null
},
{
    "ParkSlotId": "38fa4d7b-0f85-466a-a2c7-cb17f0a865d7",
    "Vehicle": 1,
    "LicensePlate": "",
    "ParkSlotCode": "C-4-6",
    "ParkSlotState": 0,
    "ParkingId": "6521d211-1dd2-11ef-99f2-8c47be150743",
    "VehicleInDate": null,
    "CreatedDate": null,
    "CreatedBy": null,
    "ModifiedDate": null,
    "ModifiedBy": null
},
{
    "ParkSlotId": "e5ebf18e-dc5e-4487-9e5a-cc29c3620df2",
    "Vehicle": 1,
    "LicensePlate": "",
    "ParkSlotCode": "C-5-6",
    "ParkSlotState": 0,
    "ParkingId": "6521d211-1dd2-11ef-99f2-8c47be150743",
    "VehicleInDate": null,
    "CreatedDate": null,
    "CreatedBy": null,
    "ModifiedDate": null,
    "ModifiedBy": null
}
]